query,lang_from,lang_to,mode,concept,position,lang,word,score,d,relation
água,pt,en,Hibrido,AGUA,1,en,water,0.044433,0.0,same
água,pt,en,Hibrido,AGUA,2,en,sea,0.208357,0.179,related
água,pt,en,Hibrido,AGUA,3,en,river,0.362163,0.37,related
água,pt,en,Hibrido,AGUA,4,en,foodstuff,0.530992,0.599,None
água,pt,en,Hibrido,AGUA,5,en,nutrient,0.536666,0.599,None
água,pt,en,Legado,AGUA,1,en,devotion,,,
água,pt,en,Legado,AGUA,2,en,water,,,
água,pt,en,Legado,AGUA,3,en,water,,,
water,en,pt,Hibrido,AGUA,1,pt,água,0.044433,0.0,same
water,en,pt,Hibrido,AGUA,2,pt,mar,0.22139,0.179,related
water,en,pt,Hibrido,AGUA,3,pt,riacho,0.34403,0.37,related
water,en,pt,Hibrido,AGUA,4,pt,nutriente,0.529409,0.599,None
water,en,pt,Hibrido,AGUA,5,pt,alimento,0.534953,0.599,None
sea,en,pt,Hibrido,AGUA,1,pt,mar,0.046133,0.0,same
sea,en,pt,Hibrido,AGUA,2,pt,água,0.21029,0.179,related
sea,en,pt,Hibrido,AGUA,3,pt,riacho,0.233445,0.213,None
sea,en,pt,Hibrido,AGUA,4,pt,alimento,0.56768,0.642,None
sea,en,pt,Hibrido,AGUA,5,pt,nutriente,0.583402,0.642,None
rio,pt,en,Hibrido,AGUA,1,en,river,0.047,0.0,same
rio,pt,en,Hibrido,AGUA,2,en,sea,0.225812,0.213,related
rio,pt,en,Hibrido,AGUA,3,en,water,0.363063,0.37,related
rio,pt,en,Hibrido,AGUA,4,en,nutrient,0.635569,0.728,None
rio,pt,en,Hibrido,AGUA,5,en,foodstuff,0.637495,0.728,None
comida,pt,en,Hibrido,COMIDA,1,en,home,0.830305,1.0,None
comida,pt,en,Hibrido,COMIDA,2,en,residence,0.836733,1.0,None
comida,pt,en,Hibrido,COMIDA,3,en,life,0.840314,1.0,None
comida,pt,en,Hibrido,COMIDA,4,en,foodstuff,0.843567,1.0,None
comida,pt,en,Hibrido,COMIDA,5,en,living,0.845348,1.0,None
comida,pt,en,Legado,COMIDA,1,en,residence,,,
comida,pt,en,Legado,COMIDA,2,en,life,,,
comida,pt,en,Legado,COMIDA,3,en,living,,,
comida,pt,en,Legado,COMIDA,4,en,home,,,
comida,pt,en,Legado,COMIDA,5,en,waters,,,
food,en,pt,Hibrido,COMIDA,1,pt,afeto,0.8398,1.0,None
food,en,pt,Hibrido,COMIDA,2,pt,amor,0.8514,1.0,None
food,en,pt,Hibrido,COMIDA,3,pt,comida,0.852724,1.0,None
food,en,pt,Hibrido,COMIDA,4,pt,viver,0.852933,1.0,None
food,en,pt,Hibrido,COMIDA,5,pt,lar,0.853867,1.0,None
fruta,pt,en,Hibrido,COMIDA,1,en,foodstuff,0.177229,0.182,related
fruta,pt,en,Hibrido,COMIDA,2,en,nutrient,0.18826,0.182,related
fruta,pt,en,Hibrido,COMIDA,3,en,meal,0.279592,0.27,related
fruta,pt,en,Hibrido,COMIDA,4,en,residence,0.590122,0.672,None
fruta,pt,en,Hibrido,COMIDA,5,en,dwelling,0.593179,0.672,None
amor,pt,en,Hibrido,AMOR,1,en,home,0.8408,1.0,None
amor,pt,en,Hibrido,AMOR,2,en,foodstuff,0.848283,1.0,None
amor,pt,en,Hibrido,AMOR,3,en,biography,0.849478,1.0,None
amor,pt,en,Hibrido,AMOR,4,en,house,0.850567,1.0,None
amor,pt,en,Hibrido,AMOR,5,en,devotion,0.85245,1.0,None
amor,pt,en,Legado,AMOR,1,en,residence,,,
amor,pt,en,Legado,AMOR,2,en,living,,,
amor,pt,en,Legado,AMOR,3,en,home,,,
amor,pt,en,Legado,AMOR,4,en,residence,,,
amor,pt,en,Legado,AMOR,5,en,life,,,
love,en,pt,Hibrido,AMOR,1,pt,alimento,0.840689,1.0,None
love,en,pt,Hibrido,AMOR,2,pt,viver,0.8421,1.0,None
love,en,pt,Hibrido,AMOR,3,pt,domicílio,0.843356,1.0,None
love,en,pt,Hibrido,AMOR,4,pt,amor,0.843633,1.0,None
love,en,pt,Hibrido,AMOR,5,pt,casa,0.847333,1.0,None
paixão,pt,en,Hibrido,AMOR,1,en,passion,0.052262,0.0,same
paixão,pt,en,Hibrido,AMOR,2,en,affection,0.192111,0.144,related
paixão,pt,en,Hibrido,AMOR,3,en,life,0.754933,0.875,None
paixão,pt,en,Hibrido,AMOR,4,en,living,0.759967,0.875,None
paixão,pt,en,Hibrido,AMOR,5,en,foodstuff,0.76883,0.893,None
casa,pt,en,Hibrido,CASA,1,en,waters,0.8327,1.0,None
casa,pt,en,Hibrido,CASA,2,en,passion,0.845248,1.0,None
casa,pt,en,Hibrido,CASA,3,en,sea,0.845733,1.0,None
casa,pt,en,Hibrido,CASA,4,en,house,0.846467,1.0,None
casa,pt,en,Hibrido,CASA,5,en,river,0.847,1.0,None
casa,pt,en,Legado,CASA,1,en,food,,,
casa,pt,en,Legado,CASA,2,en,sea,,,
casa,pt,en,Legado,CASA,3,en,food,,,
home,en,pt,Hibrido,CASA,1,pt,lar,0.0683,0.0,same
home,en,pt,Hibrido,CASA,2,pt,domicílio,0.149511,0.139,related
home,en,pt,Hibrido,CASA,3,pt,moradia,0.157644,0.139,related
home,en,pt,Hibrido,CASA,4,pt,refeição,0.486306,0.539,None
home,en,pt,Hibrido,CASA,5,pt,alimento,0.644057,0.762,None
vida,pt,en,Hibrido,VIDA,1,en,life,0.035567,0.0,same
vida,pt,en,Hibrido,VIDA,2,en,biography,0.151291,0.136,related
vida,pt,en,Hibrido,VIDA,3,en,living,0.252448,0.273,related
vida,pt,en,Hibrido,VIDA,4,en,home,0.689896,0.799,None
vida,pt,en,Hibrido,VIDA,5,en,river,0.749589,0.895,None
vida,pt,en,Legado,VIDA,1,en,food,,,
vida,pt,en,Legado,VIDA,2,en,food,,,
life,en,pt,Hibrido,VIDA,1,pt,vida,0.0383,0.0,same
life,en,pt,Hibrido,VIDA,2,pt,biografia,0.151991,0.136,related
life,en,pt,Hibrido,VIDA,3,pt,viver,0.247782,0.273,related
life,en,pt,Hibrido,VIDA,4,pt,lar,0.695596,0.799,None
life,en,pt,Hibrido,VIDA,5,pt,paixão,0.754333,0.875,None
existência,pt,en,Hibrido,VIDA,1,en,existence,0.8304,1.0,None
existência,pt,en,Hibrido,VIDA,2,en,water,0.8456,1.0,None
existência,pt,en,Hibrido,VIDA,3,en,foodstuff,0.8477,1.0,None
existência,pt,en,Hibrido,VIDA,4,en,residence,0.848833,1.0,None
existência,pt,en,Hibrido,VIDA,5,en,nutrient,0.849267,1.0,None
luz,pt,en,Hibrido,OUTROS,1,en,food,0.852367,1.0,None
luz,pt,en,Hibrido,OUTROS,2,en,living,0.8528,1.0,None
luz,pt,en,Hibrido,OUTROS,3,en,dwelling,0.853424,1.0,None
luz,pt,en,Hibrido,OUTROS,4,en,life,0.8541,1.0,None
luz,pt,en,Hibrido,OUTROS,5,en,river,0.855667,1.0,None
eau,fr,pt,Hibrido,AGUA,1,pt,água,0.083067,0.0,same
eau,fr,pt,Hibrido,AGUA,2,pt,mar,0.21129,0.179,related
eau,fr,pt,Hibrido,AGUA,3,pt,riacho,0.368396,0.37,related
eau,fr,pt,Hibrido,AGUA,4,pt,alimento,0.545653,0.599,None
eau,fr,pt,Hibrido,AGUA,5,pt,nutriente,0.563042,0.599,None
Wasser,de,en,Hibrido,AGUA,1,en,water,0.047133,0.0,same
Wasser,de,en,Hibrido,AGUA,2,en,sea,0.200124,0.179,related
Wasser,de,en,Hibrido,AGUA,3,en,river,0.33893,0.37,related
Wasser,de,en,Hibrido,AGUA,4,en,nutrient,0.518756,0.599,None
Wasser,de,en,Hibrido,AGUA,5,en,foodstuff,0.521575,0.599,None
maison,fr,en,Hibrido,CASA,1,en,water,0.852033,1.0,None
maison,fr,en,Hibrido,CASA,2,en,existence,0.8561,1.0,None
maison,fr,en,Hibrido,CASA,3,en,home,0.858733,1.0,None
maison,fr,en,Hibrido,CASA,4,en,biography,0.859567,1.0,None
maison,fr,en,Hibrido,CASA,5,en,foodstuff,0.860067,1.0,None
carro,pt,en,Hibrido,OUTROS,1,en,waters,0.839033,1.0,None
carro,pt,en,Hibrido,OUTROS,2,en,devotion,0.845167,1.0,None
carro,pt,en,Hibrido,OUTROS,3,en,biography,0.845222,1.0,None
carro,pt,en,Hibrido,OUTROS,4,en,home,0.8455,1.0,None
carro,pt,en,Hibrido,OUTROS,5,en,water,0.846933,1.0,None
felicidade,pt,en,Hibrido,OUTROS,1,en,life,0.834652,1.0,None
felicidade,pt,en,Hibrido,OUTROS,2,en,residence,0.836318,1.0,None
felicidade,pt,en,Hibrido,OUTROS,3,en,existence,0.838085,1.0,None
felicidade,pt,en,Hibrido,OUTROS,4,en,waters,0.839797,1.0,None
felicidade,pt,en,Hibrido,OUTROS,5,en,dwelling,0.840397,1.0,None
