concept,lang,word,codeO
abrigo,es,refugio,0.632–0.600–0.500
abrigo,de,schutz,0.686–0.500–0.500
abrigo,fr,refuge,0.751–0.500–0.500
abrigo,pt,abrigo,0.754–0.700–0.500
abrigo,fr,abri,0.759–0.700–0.500
abrigo,es,abrigo,0.788–0.700–0.500
abrigo,es,proteccion,0.789–0.700–0.500
abrigo,de,unterkunft,0.848–0.900–0.500
abrigo,de,asyl,0.851–0.700–0.500
abrigo,en,refuge,0.888–0.500–0.500
abrigo,it,protezione,0.893–0.600–0.500
abrigo,it,rifugio,0.894–0.600–0.500
abrigo,it,riparo,0.904–0.700–0.500
abrigo,en,shelter,0.992–0.500–0.500
abrigo,fr,protection,1.021–0.900–0.500
abrigo,en,protection,1.036–0.900–0.500
abrigo,pt,protecao,1.085–0.800–0.500
abrigo,pt,refugio,1.126–0.600–0.500
agua,fr,eau,0.213–0.900–0.500
agua,de,Meer,0.240–0.800–0.500
agua,fr,eaux,0.271–0.600–0.500
agua,fr,mer,0.353–0.800–0.500
agua,de,Bach,0.357–0.500–0.500
agua,es,mar,0.378–0.800–0.500
agua,de,Fluss,0.477–0.600–0.500
agua,en,sea,0.482–0.700–0.500
agua,pt,mar,0.516–0.800–0.500
agua,it,acque,0.532–0.800–0.500
agua,en,river,0.622–0.900–0.500
agua,en,waters,0.693–0.600–0.500
agua,es,arroyo,0.699–0.500–0.500
agua,it,mare,0.730–0.800–0.500
agua,it,ruscello,0.755–0.900–0.500
agua,es,aguas,0.786–0.700–0.500
agua,de,Wasser,0.808–0.700–0.500
agua,it,acqua,0.809–0.500–0.500
agua,es,agua,0.829–0.800–0.500
agua,fr,ruisseau,0.945–0.900–0.500
agua,pt,riacho,1.033–0.500–0.500
agua,pt,água potável,1.106–0.600–0.500
agua,en,water,1.122–0.700–0.500
agua,pt,água,1.205–0.600–0.500
amor,de,Liebe,0.516–0.800–0.500
amor,en,passion,0.630–0.600–0.500
amor,en,affection,0.632–0.700–0.500
amor,de,Hingabe,0.638–0.900–0.500
amor,pt,afeto,0.675–0.800–0.500
amor,fr,passion,0.683–0.600–0.500
amor,fr,affection,0.709–0.700–0.500
amor,es,amor,0.710–0.600–0.500
amor,it,affetto,0.717–0.900–0.500
amor,fr,amour,0.754–0.600–0.500
amor,it,passione,0.771–0.800–0.500
amor,fr,attachement,0.787–0.900–0.500
amor,es,afección,0.815–0.800–0.500
amor,pt,amor,0.823–0.600–0.500
amor,it,tenerezza,0.829–0.800–0.500
amor,en,love,0.832–0.800–0.500
amor,it,amore,0.836–0.600–0.500
amor,es,pasión,0.842–0.700–0.500
amor,de,Zuneigung,0.952–0.800–0.500
amor,en,devotion,0.959–0.800–0.500
amor,de,Leidenschaft,1.003–0.500–0.500
amor,pt,carinho,1.149–0.600–0.500
amor,es,cariño,1.250–0.600–0.500
amor,pt,paixão,1.287–0.900–0.500
casa,de,Heim,0.291–0.600–0.500
casa,de,Haus,0.345–0.700–0.500
casa,pt,lar,0.365–0.600–0.500
casa,pt,casa,0.612–0.900–0.500
casa,it,alloggio,0.645–0.500–0.500
casa,es,casa,0.658–0.900–0.500
casa,en,dwelling,0.669–0.700–0.500
casa,it,casa,0.675–0.900–0.500
casa,fr,logement,0.716–0.900–0.500
casa,fr,foyer,0.718–0.900–0.500
casa,en,residence,0.725–0.800–0.500
casa,es,hogar,0.736–0.900–0.500
casa,de,Zuhause,0.765–0.800–0.500
casa,es,domicilio,0.792–0.700–0.500
casa,en,house,0.806–0.600–0.500
casa,de,Wohnung,0.813–0.600–0.500
casa,en,home,0.814–0.800–0.500
casa,es,vivienda,0.850–0.700–0.500
casa,it,dimora,0.892–0.900–0.500
casa,it,abitazione,0.933–0.600–0.500
casa,fr,domicile,0.936–0.900–0.500
casa,pt,domicílio,0.966–0.500–0.500
casa,fr,maison,1.061–0.800–0.500
casa,pt,moradia,1.085–0.800–0.500
comida,en,meal,0.306–0.600–0.500
comida,en,food,0.481–0.600–0.500
comida,it,cibo,0.617–0.700–0.500
comida,de,Mahlzeit,0.687–0.500–0.500
comida,fr,repas,0.734–0.500–0.500
comida,it,pasto,0.755–0.800–0.500
comida,it,nutriente,0.755–0.800–0.500
comida,de,Essen,0.763–0.900–0.500
comida,pt,comida,0.777–0.500–0.500
comida,pt,alimento,0.778–0.700–0.500
comida,fr,aliment,0.782–0.500–0.500
comida,es,alimento,0.784–0.700–0.500
comida,de,Nahrung,0.802–0.800–0.500
comida,es,comida,0.809–0.500–0.500
comida,it,alimento,0.812–0.700–0.500
comida,en,nutrient,0.845–0.700–0.500
comida,de,Nährstoff,0.859–0.600–0.500
comida,fr,nutriment,0.893–0.800–0.500
comida,es,nutriente,0.931–0.800–0.500
comida,en,foodstuff,0.959–0.800–0.500
comida,fr,nourriture,1.059–0.800–0.500
comida,es,comida principal,1.097–0.800–0.500
comida,pt,nutriente,1.233–0.800–0.500
comida,pt,refeição,1.337–0.700–0.500
vida,fr,vie,0.492–0.600–0.500
vida,es,vida,0.517–0.600–0.500
vida,pt,viver,0.569–0.500–0.500
vida,pt,vida,0.608–0.600–0.500
vida,en,living,0.662–0.700–0.500
vida,it,vivere,0.671–0.700–0.500
vida,it,biografia,0.672–0.500–0.500
vida,de,Leben,0.704–0.500–0.500
vida,de,leben,0.704–0.500–0.500
vida,es,vivir,0.707–0.700–0.500
vida,fr,biographie,0.723–0.900–0.500
vida,de,Existenz,0.729–0.600–0.500
vida,en,life,0.757–0.700–0.500
vida,de,Biografie,0.801–0.900–0.500
vida,fr,vivre,0.844–0.700–0.500
vida,it,esistenza,0.853–0.900–0.500
vida,es,existencia,0.857–0.900–0.500
vida,it,vita,0.867–0.700–0.500
vida,en,biography,0.874–0.700–0.500
vida,en,existence,0.878–0.900–0.500
vida,pt,biografia,0.894–0.500–0.500
vida,es,biografía,1.111–0.600–0.500
vida,fr,existence,1.189–0.900–0.500
vida,pt,existência,1.190–0.700–0.500
